#Template,Depth
Bacteria;Actinobacteriota;Actinobacteria;Micrococcales;Microbacteriaceae;Microbacterium;Microbacterium_neimengense,1.36
Bacteria;Proteobacteria;Gammaproteobacteria;Chromatiales;Chromatiaceae;Achromatium;Achromatium_oxaliferum,0.93
Bacteria;Proteobacteria;Gammaproteobacteria;Pseudomonadales;Pseudomonadaceae;Pseudomonas;bacterium_G_02,0.68
Bacteria;Proteobacteria;Gammaproteobacteria;Pseudomonadales;Moraxellaceae;Acinetobacter;Acinetobacter_sp._V1(2012),1.12
Bacteria;Proteobacteria;Gammaproteobacteria;Enterobacterales;Yersiniaceae;Serratia;Serratia_marcescens,1497.10
Bacteria;Proteobacteria;Gammaproteobacteria;Pseudomonadales;Pseudomonadaceae;Pseudomonas;Pseudomonas_marginalis,0.67
Bacteria;Proteobacteria;Gammaproteobacteria;Pseudomonadales;Moraxellaceae;Acinetobacter;Acinetobacter_beijerinckii,19.78
Bacteria;Proteobacteria;Gammaproteobacteria;Pseudomonadales;Moraxellaceae;Acinetobacter;Acinetobacter_bouvetii,51.40
Bacteria;Proteobacteria;Gammaproteobacteria;Pseudomonadales;Moraxellaceae;Acinetobacter;Acinetobacter_sp._RJ08,7.09
Bacteria;Proteobacteria;Gammaproteobacteria;Burkholderiales;Burkholderiaceae;Burkholderia-Caballeronia-Paraburkholderia;Burkholderia_cenocepacia,1.45
Bacteria;Proteobacteria;Gammaproteobacteria;Pseudomonadales;Nitrincolaceae;Marinobacterium;Marinobacterium_sp._FS10-2,1.09
Bacteria;Proteobacteria;Gammaproteobacteria;Enterobacterales;Yersiniaceae;Serratia;Serratia_marcescens,0.66
Bacteria;Proteobacteria;Gammaproteobacteria;Burkholderiales;Burkholderiaceae;Burkholderia-Caballeronia-Paraburkholderia;Burkholderia_contaminans,115.58
Bacteria;Proteobacteria;Alphaproteobacteria;Rhizobiales;Beijerinckiaceae;Methylobacterium-Methylorubrum;Methylorubrum_populi,3.15
Bacteria;Proteobacteria;Gammaproteobacteria;Enterobacterales;Yersiniaceae;Serratia;Serratia_symbiont_of_Stomaphis_aphananthae,0.89
Bacteria;Proteobacteria;Gammaproteobacteria;Pseudomonadales;Moraxellaceae;Acinetobacter;Acinetobacter_sp._LYS-2-4,0.50
Bacteria;Proteobacteria;Gammaproteobacteria;Pseudomonadales;Pseudomonadaceae;Pseudomonas;Pseudomonas_fluorescens,0.53
Bacteria;Proteobacteria;Gammaproteobacteria;Pseudomonadales;Moraxellaceae;Acinetobacter;Acinetobacter_sp._CIP_A162,2.34
Bacteria;Proteobacteria;Gammaproteobacteria;Pseudomonadales;Moraxellaceae;Acinetobacter;Acinetobacter_sp._GIST-Out1,2.05
Bacteria;Proteobacteria;Gammaproteobacteria;Pseudomonadales;Moraxellaceae;Acinetobacter;Acinetobacter_equi,217.33
Bacteria;Proteobacteria;Gammaproteobacteria;Pseudomonadales;Pseudomonadaceae;Pseudomonas;Pseudomonas_sp._Bca55,2.45
Bacteria;Proteobacteria;Gammaproteobacteria;Pseudomonadales;Moraxellaceae;Acinetobacter;Acinetobacter_variabilis,0.80
Bacteria;Proteobacteria;Gammaproteobacteria;Pseudomonadales;Pseudomonadaceae;Pseudomonas;Pseudomonas_fluorescens,775.63
Bacteria;Proteobacteria;Gammaproteobacteria;Pseudomonadales;Pseudomonadaceae;Pseudomonas;Pseudomonas_syringae,1.45
Bacteria;Proteobacteria;Gammaproteobacteria;Enterobacterales;Yersiniaceae;Serratia;bacterium_28S512,2.46
Bacteria;Proteobacteria;Gammaproteobacteria;Enterobacterales;Enterobacteriaceae;Enterobacter;Enterobacter_siamensis,0.87
Bacteria;Proteobacteria;Gammaproteobacteria;Enterobacterales;Yersiniaceae;Serratia;Serratia_sp.,0.71
Bacteria;Proteobacteria;Gammaproteobacteria;Pseudomonadales;Moraxellaceae;Acinetobacter;uncultured_marine_bacterium,2.05
Bacteria;Proteobacteria;Gammaproteobacteria;Burkholderiales;Burkholderiaceae;Burkholderia-Caballeronia-Paraburkholderia;Paraburkholderia_dipogonis,0.83
Bacteria;Proteobacteria;Gammaproteobacteria;Xanthomonadales;Xanthomonadaceae;Pseudoxanthomonas;Pseudoxanthomonas_kaohsiungensis,4.72
Bacteria;Proteobacteria;Gammaproteobacteria;Enterobacterales;Yersiniaceae;Serratia;Serratia_marcescens_SM39,1.16
Bacteria;Proteobacteria;Gammaproteobacteria;Enterobacterales;Yersiniaceae;Serratia;Serratia_marcescens_SM39,74.91
Bacteria;Proteobacteria;Alphaproteobacteria;Sphingomonadales;Sphingomonadaceae;Sphingobium;Sphingobium_amiense,0.53
Bacteria;Proteobacteria;Gammaproteobacteria;Pseudomonadales;Pseudomonadaceae;Pseudomonas;uncultured_bacterium,0.55
Bacteria;Proteobacteria;Gammaproteobacteria;Enterobacterales;Yersiniaceae;Serratia;Serratia_rubidaea,2.78
Bacteria;Firmicutes;Bacilli;Staphylococcales;Staphylococcaceae;Staphylococcus;Staphylococcus_caprae,7.84
Bacteria;Proteobacteria;Gammaproteobacteria;Burkholderiales;Burkholderiaceae;Ralstonia;uncultured_bacterium,1.63
Bacteria;Proteobacteria;Alphaproteobacteria;Sphingomonadales;Sphingomonadaceae;Sphingobium;Sphingobium_sp._YG1,1.20
Bacteria;Proteobacteria;Alphaproteobacteria;Sphingomonadales;Sphingomonadaceae;Sphingobium;Sphingobium_sp._YG1,46.02
Bacteria;Proteobacteria;Gammaproteobacteria;Pseudomonadales;Moraxellaceae;uncultured;Xenorhabdus_nematophila,0.86
Bacteria;Proteobacteria;Gammaproteobacteria;Enterobacterales;Alteromonadaceae;Rheinheimera;Spumella_vulgaris,0.80
Bacteria;Proteobacteria;Gammaproteobacteria;Pseudomonadales;Pseudomonadaceae;Pseudomonas;Burkholderia_sp._CCBAU_23014,3.87
Bacteria;Proteobacteria;Gammaproteobacteria;Pseudomonadales;Moraxellaceae;Acinetobacter;Acinetobacter_johnsonii,768.22
Bacteria;Proteobacteria;Alphaproteobacteria;Rhodobacterales;Rhodobacteraceae;Paracoccus;uncultured_bacterium,0.95
Bacteria;Proteobacteria;Gammaproteobacteria;Pseudomonadales;Moraxellaceae;Acinetobacter;Acinetobacter_sp._TGL-Y2,2.15
Bacteria;Proteobacteria;Gammaproteobacteria;Pseudomonadales;Moraxellaceae;Acinetobacter;Acinetobacter_sp._Hop10,0.92
Bacteria;Proteobacteria;Gammaproteobacteria;Pseudomonadales;Pseudomonadaceae;Pseudomonas;Teleogryllus_commodus,0.67
Bacteria;Proteobacteria;Gammaproteobacteria;Pseudomonadales;Moraxellaceae;Acinetobacter;uncultured_bacterium,1.85
Bacteria;Proteobacteria;Gammaproteobacteria;Enterobacterales;Yersiniaceae;Serratia;Serratia_marcescens_subsp._marcescens_Db11,1.82
Bacteria;Proteobacteria;Gammaproteobacteria;Pseudomonadales;Moraxellaceae;Acinetobacter;uncultured_bacterium,4.86
Bacteria;Actinobacteriota;Actinobacteria;Micrococcales;Micrococcaceae;Micrococcus;Micrococcus_sp.,10.81
Bacteria;Actinobacteriota;Actinobacteria;Propionibacteriales;Propionibacteriaceae;Cutibacterium;Aureobasidium_melanogenum,0.79
Bacteria;Firmicutes;Clostridia;Peptostreptococcales-Tissierellales;Family_XI;Peptoniphilus;Peptoniphilus_grossensis,2.28
Bacteria;Proteobacteria;Gammaproteobacteria;Enterobacterales;Yersiniaceae;Serratia;Serratia_marcescens,0.67
Bacteria;Proteobacteria;Gammaproteobacteria;Pseudomonadales;Moraxellaceae;Acinetobacter;uncultured_bacterium,0.54
Bacteria;Proteobacteria;Gammaproteobacteria;Pseudomonadales;Moraxellaceae;Acinetobacter;Acinetobacter_oleivorans,1.04
Bacteria;Proteobacteria;Gammaproteobacteria;Xanthomonadales;Xanthomonadaceae;Xanthomonas_citri_pv._mangiferaeindicae,0.53
Bacteria;Proteobacteria;Gammaproteobacteria;Pseudomonadales;Pseudomonadaceae;Pseudomonas;Pseudomonas_sp._SP-2.6,1.94
Bacteria;Proteobacteria;Gammaproteobacteria;Pseudomonadales;Moraxellaceae;Acinetobacter;uncultured_bacterium,0.62
Bacteria;Firmicutes;Bacilli;Lactobacillales;Streptococcaceae;Streptococcus;uncultured_bacterium,0.94
Bacteria;Proteobacteria;Gammaproteobacteria;Pseudomonadales;Moraxellaceae;Acinetobacter;uncultured_bacterium,39.72
Bacteria;Proteobacteria;Alphaproteobacteria;Sphingomonadales;Sphingomonadaceae;Sphingomonas;uncultured_bacterium,0.92
Bacteria;Proteobacteria;Gammaproteobacteria;Pseudomonadales;Moraxellaceae;Acinetobacter;uncultured_bacterium,0.67
Bacteria;Proteobacteria;Gammaproteobacteria;Pseudomonadales;Moraxellaceae;Acinetobacter;uncultured_Acinetobacter_sp.,0.89
Bacteria;Proteobacteria;Gammaproteobacteria;Pseudomonadales;Moraxellaceae;Acinetobacter;uncultured_Acinetobacter_sp.,3.24
Bacteria;Proteobacteria;Gammaproteobacteria;Methylococcales;Methylococcaceae;uncultured;uncultured_bacterium,2.48
Bacteria;Proteobacteria;Gammaproteobacteria;Enterobacterales;Enterobacteriaceae;Klebsiella;Klebsiella_pneumoniae_subsp._pneumoniae_KPNIH27,1.06
Bacteria;Proteobacteria;Gammaproteobacteria;Pseudomonadales;Moraxellaceae;Acinetobacter;uncultured_bacterium,1.51
Bacteria;Proteobacteria;Alphaproteobacteria;Rhodobacterales;Rhodobacteraceae;Paracoccus;uncultured_Paracoccus_sp.,1.57
Bacteria;Proteobacteria;Gammaproteobacteria;Pseudomonadales;Moraxellaceae;Acinetobacter;uncultured_bacterium,5.36
Bacteria;Proteobacteria;Gammaproteobacteria;Pseudomonadales;Pseudomonadaceae;Pseudomonas;uncultured_bacterium,0.70
Bacteria;Proteobacteria;Gammaproteobacteria;Enterobacterales;Aeromonadaceae;Aeromonas;uncultured_bacterium,24.71
Bacteria;Proteobacteria;Gammaproteobacteria;Pseudomonadales;Moraxellaceae;Acinetobacter;uncultured_bacterium,1.18
Bacteria;Proteobacteria;Gammaproteobacteria;Enterobacterales;Yersiniaceae;Serratia;Serratia_marcescens,33.58
Bacteria;Actinobacteriota;Actinobacteria;Corynebacteriales;Corynebacteriaceae;Corynebacterium;uncultured_bacterium,1.87
Bacteria;Proteobacteria;Alphaproteobacteria;Rhizobiales;Beijerinckiaceae;uncultured;uncultured_bacterium,0.57
Bacteria;Proteobacteria;Gammaproteobacteria;Pseudomonadales;Pseudomonadaceae;Pseudomonas;uncultured_bacterium,1.33
Bacteria;Proteobacteria;Gammaproteobacteria;Burkholderiales;Rhodocyclaceae;Azoarcus;uncultured_bacterium,0.67
Bacteria;Proteobacteria;Gammaproteobacteria;Pseudomonadales;Moraxellaceae;Acinetobacter;uncultured_bacterium,0.99
Bacteria;Actinobacteriota;Actinobacteria;Propionibacteriales;Propionibacteriaceae;Cutibacterium;uncultured_bacterium,6.18
Bacteria;Firmicutes;Bacilli;Lactobacillales;Aerococcaceae;Ignavigranum;Aerococcaceae_bacterium_ZY16052,3.69
Bacteria;Proteobacteria;Gammaproteobacteria;Pseudomonadales;Moraxellaceae;Acinetobacter;uncultured_bacterium,2.26
Bacteria;Actinobacteriota;Actinobacteria;Propionibacteriales;Nocardioidaceae;Aeromicrobium;uncultured_bacterium,4.74
Bacteria;Proteobacteria;Gammaproteobacteria;Pseudomonadales;Moraxellaceae;Acinetobacter;uncultured_bacterium,50.54
Bacteria;Proteobacteria;Gammaproteobacteria;Pseudomonadales;Moraxellaceae;Enhydrobacter;uncultured_bacterium,7.04
Bacteria;Proteobacteria;Gammaproteobacteria;Burkholderiales;Nitrosomonadaceae;MND1;uncultured_bacterium,3.23
Bacteria;Proteobacteria;Gammaproteobacteria;Thiotrichales;Thiotrichaceae;uncultured;uncultured_bacterium_JM9_B4,6.56
Bacteria;Proteobacteria;Gammaproteobacteria;Pseudomonadales;Moraxellaceae;Acinetobacter;uncultured_Acinetobacter_sp.,1.02
Bacteria;Desulfobacterota;uncultured;uncultured_bacterium,4.05
Bacteria;Proteobacteria;Gammaproteobacteria;Pseudomonadales;Moraxellaceae;Acinetobacter;uncultured_bacterium,1.00
Bacteria;Proteobacteria;Gammaproteobacteria;Pseudomonadales;Moraxellaceae;Acinetobacter;uncultured_bacterium,2.68
Bacteria;Actinobacteriota;Actinobacteria;Propionibacteriales;Propionibacteriaceae;Cutibacterium;uncultured_bacterium,0.63
Bacteria;Proteobacteria;Gammaproteobacteria;Pseudomonadales;Moraxellaceae;Acinetobacter;uncultured_bacterium,1.00
Bacteria;Proteobacteria;Gammaproteobacteria;Enterobacterales;Yersiniaceae;Serratia;Serratia_marcescens,1.82
Bacteria;Actinobacteriota;Actinobacteria;Micrococcales;Micrococcaceae;Rothia;uncultured_bacterium,5.49
Bacteria;Proteobacteria;Gammaproteobacteria;Pseudomonadales;Moraxellaceae;Acinetobacter;uncultured_Acinetobacter_sp.,2.55
Bacteria;Proteobacteria;Gammaproteobacteria;Enterobacterales;Enterobacteriaceae;Pseudocitrobacter;uncultured_bacterium,0.83
Bacteria;Proteobacteria;Gammaproteobacteria;Pseudomonadales;Moraxellaceae;Enhydrobacter;uncultured_bacterium,4.83
Bacteria;Actinobacteriota;Actinobacteria;Propionibacteriales;Propionibacteriaceae;Cutibacterium;uncultured_bacterium,1.13
Bacteria;Proteobacteria;Gammaproteobacteria;Xanthomonadales;Xanthomonadaceae;Stenotrophomonas;uncultured_soil_bacterium,0.97
Bacteria;Proteobacteria;Gammaproteobacteria;Enterobacterales;Yersiniaceae;Serratia;uncultured_bacterium,1.22
Bacteria;Proteobacteria;Gammaproteobacteria;Xanthomonadales;Xanthomonadaceae;uncultured;uncultured_bacterium,1.09
Bacteria;Actinobacteriota;Actinobacteria;Propionibacteriales;Propionibacteriaceae;Cutibacterium;uncultured_bacterium,33.28
Bacteria;Actinobacteriota;Actinobacteria;Propionibacteriales;Propionibacteriaceae;Cutibacterium;uncultured_bacterium,6.78
Bacteria;Proteobacteria;Gammaproteobacteria;Pseudomonadales;Moraxellaceae;Acinetobacter;Acinetobacter_johnsonii_XBB1,1.98
Bacteria;Proteobacteria;Gammaproteobacteria;Burkholderiales;Comamonadaceae;Acidovorax;uncultured_bacterium,1.37
Bacteria;Proteobacteria;Gammaproteobacteria;Enterobacterales;Yersiniaceae;Serratia;uncultured_bacterium,0.55
Bacteria;Actinobacteriota;Actinobacteria;Corynebacteriales;Corynebacteriaceae;Corynebacterium;uncultured_bacterium,0.79
Bacteria;Actinobacteriota;Actinobacteria;Corynebacteriales;Corynebacteriaceae;Corynebacterium;uncultured_bacterium,0.93
Bacteria;Proteobacteria;Gammaproteobacteria;Pseudomonadales;Moraxellaceae;Acinetobacter;Acinetobacter_johnsonii_XBB1,11.60
Bacteria;Proteobacteria;Gammaproteobacteria;Pseudomonadales;Moraxellaceae;Acinetobacter;uncultured_bacterium,12.43
Bacteria;Proteobacteria;Gammaproteobacteria;Pseudomonadales;Moraxellaceae;Enhydrobacter;uncultured_bacterium,1.49
Bacteria;Proteobacteria;Gammaproteobacteria;Enterobacterales;Yersiniaceae;Serratia;uncultured_bacterium,0.55
Bacteria;Proteobacteria;Gammaproteobacteria;Pseudomonadales;Moraxellaceae;Acinetobacter;uncultured_bacterium,1.11
Bacteria;Proteobacteria;Gammaproteobacteria;Pseudomonadales;Moraxellaceae;Acinetobacter;Acinetobacter_johnsonii_XBB1,59.81
Bacteria;Proteobacteria;Gammaproteobacteria;Enterobacterales;Morganellaceae;Xenorhabdus;Xenorhabdus_mauleonii,3.51
Bacteria;Proteobacteria;Gammaproteobacteria;Enterobacterales;Enterobacteriaceae;Buttiauxella;unidentified_marine_bacterioplankton,2.72
Bacteria;Actinobacteriota;Actinobacteria;Micrococcales;Micrococcaceae;Kocuria;uncultured_bacterium,0.93
Bacteria;Actinobacteriota;Actinobacteria;Corynebacteriales;Corynebacteriaceae;Corynebacterium;uncultured_bacterium,0.93
Bacteria;Actinobacteriota;Actinobacteria;Corynebacteriales;Corynebacteriaceae;Corynebacterium;uncultured_bacterium,0.74
Bacteria;Proteobacteria;Gammaproteobacteria;Pseudomonadales;Moraxellaceae;Acinetobacter;uncultured_bacterium,1.01
Bacteria;Proteobacteria;Gammaproteobacteria;Pseudomonadales;Moraxellaceae;Acinetobacter;metagenome,0.55
Bacteria;Proteobacteria;Gammaproteobacteria;Pseudomonadales;Moraxellaceae;Acinetobacter;uncultured_gamma_proteobacterium,0.58
Bacteria;Fusobacteriota;Fusobacteriia;Fusobacteriales;Leptotrichiaceae;Leptotrichia;uncultured_bacterium,2.61
Bacteria;Proteobacteria;Gammaproteobacteria;Pseudomonadales;Moraxellaceae;Acinetobacter;uncultured_bacterium,2.90
Bacteria;Firmicutes;Bacilli;Staphylococcales;Staphylococcaceae;Staphylococcus;Staphylococcus_epidermidis,3.52
Bacteria;Myxococcota;Polyangia;Polyangiales;Polyangiaceae;Pajaroellobacter;metagenome,0.65
Bacteria;Proteobacteria;Gammaproteobacteria;pItb-vmat-80;uncultured_bacterium,1.39
Bacteria;Proteobacteria;Gammaproteobacteria;Burkholderiales;Burkholderiaceae;Limnobacter;uncultured_bacterium,1.11
Bacteria;Actinobacteriota;Actinobacteria;Propionibacteriales;Propionibacteriaceae;Cutibacterium;uncultured_bacterium,3.30
Bacteria;Proteobacteria;Gammaproteobacteria;Enterobacterales;Yersiniaceae;Serratia;Serratia_marcescens,17.87
Bacteria;Proteobacteria;Gammaproteobacteria;Pseudomonadales;Moraxellaceae;Acinetobacter;Acinetobacter_johnsonii,107.11
Bacteria;Proteobacteria;Gammaproteobacteria;Pseudomonadales;Moraxellaceae;Acinetobacter;uncultured_bacterium,3.49
Bacteria;Proteobacteria;Gammaproteobacteria;Pseudomonadales;Moraxellaceae;Acinetobacter;metagenome,36.76
Bacteria;Proteobacteria;Gammaproteobacteria;Pseudomonadales;Moraxellaceae;Acinetobacter;Acinetobacter_johnsonii_CIP_64.6,45.20
Bacteria;Proteobacteria;Gammaproteobacteria;Pseudomonadales;Moraxellaceae;Acinetobacter;uncultured_bacterium,0.80
Bacteria;Proteobacteria;Gammaproteobacteria;Pseudomonadales;Moraxellaceae;Acinetobacter;metagenome,0.83
Bacteria;Proteobacteria;Gammaproteobacteria;Enterobacterales;Yersiniaceae;Serratia;Serratia_marcescens,0.65
Bacteria;Firmicutes;Clostridia;Peptostreptococcales-Tissierellales;Peptostreptococcaceae;Peptostreptococcus;uncultured_bacterium,3.32
Bacteria;Proteobacteria;Gammaproteobacteria;Pseudomonadales;Moraxellaceae;Acinetobacter;Acinetobacter_sp._CIP_102143,0.66
Bacteria;Proteobacteria;Gammaproteobacteria;Pseudomonadales;Pseudomonadaceae;Pseudomonas;uncultured_gamma_proteobacterium,5.98
Bacteria;Proteobacteria;Gammaproteobacteria;Burkholderiales;Comamonadaceae;Aquabacterium;uncultured_bacterium,5.45
