#Template,Score,Expected,Template_length,Template_Identity,Template_Coverage,Query_Identity,Query_Coverage,Depth,q_value,p_value
Bacteria;Actinobacteriota;Actinobacteria;Micrococcales;Microbacteriaceae;Microbacterium;Microbacterium_neimengense,2002,13,1481,17.02,100.00,17.02,100.00,1.36,1963.33,1.0e-26
Bacteria;Proteobacteria;Gammaproteobacteria;Chromatiales;Chromatiaceae;Achromatium;Achromatium_oxaliferum,1282,13,1508,6.50,100.00,6.50,100.00,0.93,1242.82,1.0e-26
Bacteria;Proteobacteria;Gammaproteobacteria;Pseudomonadales;Pseudomonadaceae;Pseudomonas;bacterium_G_02,977,13,1512,6.81,100.00,6.81,100.00,0.68,937.88,1.0e-26
Bacteria;Proteobacteria;Gammaproteobacteria;Pseudomonadales;Moraxellaceae;Acinetobacter;Acinetobacter_sp._V1(2012),1664,13,1485,7.00,100.00,7.00,100.00,1.12,1625.29,1.0e-26
Bacteria;Proteobacteria;Gammaproteobacteria;Enterobacterales;Yersiniaceae;Serratia;Serratia_marcescens,2274355,8,1522,69.32,100.00,69.32,100.00,1497.10,2274328.85,1.0e-26
Bacteria;Proteobacteria;Gammaproteobacteria;Pseudomonadales;Pseudomonadaceae;Pseudomonas;Pseudomonas_marginalis,947,13,1497,6.61,100.00,6.61,100.00,0.67,908.28,1.0e-26
Bacteria;Proteobacteria;Gammaproteobacteria;Pseudomonadales;Moraxellaceae;Acinetobacter;Acinetobacter_beijerinckii,27031,12,1374,26.86,100.00,26.86,100.00,19.78,26994.97,1.0e-26
Bacteria;Proteobacteria;Gammaproteobacteria;Pseudomonadales;Moraxellaceae;Acinetobacter;Acinetobacter_bouvetii,73795,12,1440,19.44,100.00,19.44,100.00,51.40,73757.50,1.0e-26
Bacteria;Proteobacteria;Gammaproteobacteria;Pseudomonadales;Moraxellaceae;Acinetobacter;Acinetobacter_sp._RJ08,9504,11,1347,7.72,100.00,7.72,100.00,7.09,9468.62,1.0e-26
Bacteria;Proteobacteria;Gammaproteobacteria;Burkholderiales;Burkholderiaceae;Burkholderia-Caballeronia-Paraburkholderia;Burkholderia_cenocepacia,2178,13,1499,6.60,100.00,6.60,100.00,1.45,2138.83,1.0e-26
Bacteria;Proteobacteria;Gammaproteobacteria;Pseudomonadales;Nitrincolaceae;Marinobacterium;Marinobacterium_sp._FS10-2,1519,13,1483,6.68,100.00,6.68,100.00,1.09,1480.38,1.0e-26
Bacteria;Proteobacteria;Gammaproteobacteria;Enterobacterales;Yersiniaceae;Serratia;Serratia_marcescens,960,13,1522,9.92,100.00,9.92,100.00,0.66,920.64,1.0e-26
Bacteria;Proteobacteria;Gammaproteobacteria;Burkholderiales;Burkholderiaceae;Burkholderia-Caballeronia-Paraburkholderia;Burkholderia_contaminans,171159,12,1485,65.86,100.00,65.86,100.00,115.58,171120.90,1.0e-26
Bacteria;Proteobacteria;Alphaproteobacteria;Rhizobiales;Beijerinckiaceae;Methylobacterium-Methylorubrum;Methylorubrum_populi,3771,10,1200,10.58,100.00,10.58,100.00,3.15,3739.52,1.0e-26
Bacteria;Proteobacteria;Gammaproteobacteria;Enterobacterales;Yersiniaceae;Serratia;Serratia_symbiont_of_Stomaphis_aphananthae,1174,12,1399,27.52,100.00,27.52,100.00,0.89,1137.66,1.0e-26
Bacteria;Proteobacteria;Gammaproteobacteria;Pseudomonadales;Moraxellaceae;Acinetobacter;Acinetobacter_sp._LYS-2-4,766,13,1498,16.76,100.00,16.76,100.00,0.50,727.42,1.0e-26
Bacteria;Proteobacteria;Gammaproteobacteria;Pseudomonadales;Pseudomonadaceae;Pseudomonas;Pseudomonas_fluorescens,729,12,1440,10.42,100.00,10.42,100.00,0.53,691.93,1.0e-26
Bacteria;Proteobacteria;Gammaproteobacteria;Pseudomonadales;Moraxellaceae;Acinetobacter;Acinetobacter_sp._CIP_A162,3416,13,1506,26.69,100.00,26.69,100.00,2.34,3376.55,1.0e-26
Bacteria;Proteobacteria;Gammaproteobacteria;Pseudomonadales;Moraxellaceae;Acinetobacter;Acinetobacter_sp._GIST-Out1,2901,12,1415,7.35,100.00,7.35,100.00,2.05,2863.95,1.0e-26
Bacteria;Proteobacteria;Gammaproteobacteria;Pseudomonadales;Moraxellaceae;Acinetobacter;Acinetobacter_equi,326957,12,1514,25.23,100.00,25.23,100.00,217.33,326919.11,1.0e-26
Bacteria;Proteobacteria;Gammaproteobacteria;Pseudomonadales;Pseudomonadaceae;Pseudomonas;Pseudomonas_sp._Bca55,3488,12,1438,7.23,100.00,7.23,100.00,2.45,3450.31,1.0e-26
Bacteria;Proteobacteria;Gammaproteobacteria;Pseudomonadales;Moraxellaceae;Acinetobacter;Acinetobacter_variabilis,1070,13,1519,6.52,100.00,6.52,100.00,0.80,1030.64,1.0e-26
Bacteria;Proteobacteria;Gammaproteobacteria;Pseudomonadales;Pseudomonadaceae;Pseudomonas;Pseudomonas_fluorescens,1161877,10,1502,67.78,100.00,67.78,100.00,775.63,1161844.46,1.0e-26
Bacteria;Proteobacteria;Gammaproteobacteria;Pseudomonadales;Pseudomonadaceae;Pseudomonas;Pseudomonas_syringae,1880,12,1479,17.99,100.00,17.99,100.00,1.45,1841.40,1.0e-26
Bacteria;Proteobacteria;Gammaproteobacteria;Enterobacterales;Yersiniaceae;Serratia;bacterium_28S512,3423,12,1431,26.55,100.00,26.55,100.00,2.46,3385.50,1.0e-26
Bacteria;Proteobacteria;Gammaproteobacteria;Enterobacterales;Enterobacteriaceae;Enterobacter;Enterobacter_siamensis,1165,12,1429,7.21,100.00,7.21,100.00,0.87,1127.89,1.0e-26
Bacteria;Proteobacteria;Gammaproteobacteria;Enterobacterales;Yersiniaceae;Serratia;Serratia_sp.,995,12,1456,7.14,100.00,7.14,100.00,0.71,957.29,1.0e-26
Bacteria;Proteobacteria;Gammaproteobacteria;Pseudomonadales;Moraxellaceae;Acinetobacter;uncultured_marine_bacterium,3013,12,1469,17.15,100.00,17.15,100.00,2.05,2974.53,1.0e-26
Bacteria;Proteobacteria;Gammaproteobacteria;Burkholderiales;Burkholderiaceae;Burkholderia-Caballeronia-Paraburkholderia;Paraburkholderia_dipogonis,1170,12,1462,6.84,100.00,6.84,100.00,0.83,1132.04,1.0e-26
Bacteria;Proteobacteria;Gammaproteobacteria;Xanthomonadales;Xanthomonadaceae;Pseudoxanthomonas;Pseudoxanthomonas_kaohsiungensis,6657,12,1422,18.00,100.00,18.00,100.00,4.72,6619.67,1.0e-26
Bacteria;Proteobacteria;Gammaproteobacteria;Enterobacterales;Yersiniaceae;Serratia;Serratia_marcescens_SM39,1700,13,1522,16.49,100.00,16.49,100.00,1.16,1660.33,1.0e-26
Bacteria;Proteobacteria;Gammaproteobacteria;Enterobacterales;Yersiniaceae;Serratia;Serratia_marcescens_SM39,113488,13,1522,17.21,100.00,17.21,100.00,74.91,113448.60,1.0e-26
Bacteria;Proteobacteria;Alphaproteobacteria;Sphingomonadales;Sphingomonadaceae;Sphingobium;Sphingobium_amiense,717,12,1414,17.54,100.00,17.54,100.00,0.53,680.59,1.0e-26
Bacteria;Proteobacteria;Gammaproteobacteria;Pseudomonadales;Pseudomonadaceae;Pseudomonas;uncultured_bacterium,692,11,1365,21.47,100.00,21.47,100.00,0.55,656.86,1.0e-26
Bacteria;Proteobacteria;Gammaproteobacteria;Enterobacterales;Yersiniaceae;Serratia;Serratia_rubidaea,3729,11,1347,7.72,100.00,7.72,100.00,2.78,3693.68,1.0e-26
Bacteria;Firmicutes;Bacilli;Staphylococcales;Staphylococcaceae;Staphylococcus;Staphylococcus_caprae,11988,13,1531,24.69,100.00,24.69,100.00,7.84,11947.80,1.0e-26
Bacteria;Proteobacteria;Gammaproteobacteria;Burkholderiales;Burkholderiaceae;Ralstonia;uncultured_bacterium,2188,12,1389,7.34,100.00,7.34,100.00,1.63,2151.69,1.0e-26
Bacteria;Proteobacteria;Alphaproteobacteria;Sphingomonadales;Sphingomonadaceae;Sphingobium;Sphingobium_sp._YG1,1761,12,1467,17.18,100.00,17.18,100.00,1.20,1722.73,1.0e-26
Bacteria;Proteobacteria;Alphaproteobacteria;Sphingomonadales;Sphingomonadaceae;Sphingobium;Sphingobium_sp._YG1,67276,12,1467,66.73,100.00,66.73,100.00,46.02,67237.76,1.0e-26
Bacteria;Proteobacteria;Gammaproteobacteria;Pseudomonadales;Moraxellaceae;uncultured;Xenorhabdus_nematophila,1158,12,1459,24.67,100.00,24.67,100.00,0.86,1120.13,1.0e-26
Bacteria;Proteobacteria;Gammaproteobacteria;Enterobacterales;Alteromonadaceae;Rheinheimera;Spumella_vulgaris,1209,13,1506,6.71,100.00,6.71,100.00,0.80,1169.90,1.0e-26
Bacteria;Proteobacteria;Gammaproteobacteria;Pseudomonadales;Pseudomonadaceae;Pseudomonas;Burkholderia_sp._CCBAU_23014,5642,13,1500,6.87,100.00,6.87,100.00,3.87,5602.64,1.0e-26
Bacteria;Proteobacteria;Gammaproteobacteria;Pseudomonadales;Moraxellaceae;Acinetobacter;Acinetobacter_johnsonii,1163950,10,1518,69.30,100.00,69.30,100.00,768.22,1163917.13,1.0e-26
Bacteria;Proteobacteria;Alphaproteobacteria;Rhodobacterales;Rhodobacteraceae;Paracoccus;uncultured_bacterium,1235,11,1294,7.96,100.00,7.96,100.00,0.95,1201.33,1.0e-26
Bacteria;Proteobacteria;Gammaproteobacteria;Pseudomonadales;Moraxellaceae;Acinetobacter;Acinetobacter_sp._TGL-Y2,3262,13,1518,10.08,100.00,10.08,100.00,2.15,3222.24,1.0e-26
Bacteria;Proteobacteria;Gammaproteobacteria;Pseudomonadales;Moraxellaceae;Acinetobacter;Acinetobacter_sp._Hop10,1356,13,1502,6.52,100.00,6.52,100.00,0.92,1316.94,1.0e-26
Bacteria;Proteobacteria;Gammaproteobacteria;Pseudomonadales;Pseudomonadaceae;Pseudomonas;Teleogryllus_commodus,975,13,1500,16.67,100.00,16.67,100.00,0.67,936.19,1.0e-26
Bacteria;Proteobacteria;Gammaproteobacteria;Pseudomonadales;Moraxellaceae;Acinetobacter;uncultured_bacterium,2530,13,1498,32.44,100.00,32.44,100.00,1.85,2490.82,1.0e-26
Bacteria;Proteobacteria;Gammaproteobacteria;Enterobacterales;Yersiniaceae;Serratia;Serratia_marcescens_subsp._marcescens_Db11,2743,13,1522,16.56,100.00,16.56,100.00,1.82,2703.18,1.0e-26
Bacteria;Proteobacteria;Gammaproteobacteria;Pseudomonadales;Moraxellaceae;Acinetobacter;uncultured_bacterium,7158,13,1501,10.13,100.00,10.13,100.00,4.86,7118.59,1.0e-26
Bacteria;Actinobacteriota;Actinobacteria;Micrococcales;Micrococcaceae;Micrococcus;Micrococcus_sp.,13453,10,1244,39.39,100.00,39.39,100.00,10.81,13420.33,1.0e-26
Bacteria;Actinobacteriota;Actinobacteria;Propionibacteriales;Propionibacteriaceae;Cutibacterium;Aureobasidium_melanogenum,1047,11,1335,7.87,100.00,7.87,100.00,0.79,1012.35,1.0e-26
Bacteria;Firmicutes;Clostridia;Peptostreptococcales-Tissierellales;Family_XI;Peptoniphilus;Peptoniphilus_grossensis,3422,13,1505,6.71,100.00,6.71,100.00,2.28,3382.57,1.0e-26
Bacteria;Proteobacteria;Gammaproteobacteria;Enterobacterales;Yersiniaceae;Serratia;Serratia_marcescens,891,13,1521,16.96,100.00,16.96,100.00,0.67,851.72,1.0e-26
Bacteria;Proteobacteria;Gammaproteobacteria;Pseudomonadales;Moraxellaceae;Acinetobacter;uncultured_bacterium,705,12,1401,17.84,100.00,17.84,100.00,0.54,668.94,1.0e-26
Bacteria;Proteobacteria;Gammaproteobacteria;Pseudomonadales;Moraxellaceae;Acinetobacter;Acinetobacter_oleivorans,1450,12,1444,10.53,100.00,10.53,100.00,1.04,1412.40,1.0e-26
Bacteria;Proteobacteria;Gammaproteobacteria;Xanthomonadales;Xanthomonadaceae;Xanthomonas_citri_pv._mangiferaeindicae,808,13,1525,6.62,100.00,6.62,100.00,0.53,768.70,1.0e-26
Bacteria;Proteobacteria;Gammaproteobacteria;Pseudomonadales;Pseudomonadaceae;Pseudomonas;Pseudomonas_sp._SP-2.6,2296,10,1200,28.08,100.00,28.08,100.00,1.94,2264.59,1.0e-26
Bacteria;Proteobacteria;Gammaproteobacteria;Pseudomonadales;Moraxellaceae;Acinetobacter;uncultured_bacterium,826,11,1349,7.71,100.00,7.71,100.00,0.62,791.13,1.0e-26
Bacteria;Firmicutes;Bacilli;Lactobacillales;Streptococcaceae;Streptococcus;uncultured_bacterium,1407,13,1497,6.75,100.00,6.75,100.00,0.94,1368.05,1.0e-26
Bacteria;Proteobacteria;Gammaproteobacteria;Pseudomonadales;Moraxellaceae;Acinetobacter;uncultured_bacterium,58582,13,1500,17.20,100.00,17.20,100.00,39.72,58542.84,1.0e-26
Bacteria;Proteobacteria;Alphaproteobacteria;Sphingomonadales;Sphingomonadaceae;Sphingomonas;uncultured_bacterium,1251,12,1370,9.27,100.00,9.27,100.00,0.92,1215.37,1.0e-26
Bacteria;Proteobacteria;Gammaproteobacteria;Pseudomonadales;Moraxellaceae;Acinetobacter;uncultured_bacterium,833,13,1503,16.03,100.00,16.03,100.00,0.67,794.23,1.0e-26
Bacteria;Proteobacteria;Gammaproteobacteria;Pseudomonadales;Moraxellaceae;Acinetobacter;uncultured_Acinetobacter_sp.,1176,12,1400,7.29,100.00,7.29,100.00,0.89,1139.63,1.0e-26
Bacteria;Proteobacteria;Gammaproteobacteria;Pseudomonadales;Moraxellaceae;Acinetobacter;uncultured_Acinetobacter_sp.,4497,12,1399,19.94,100.00,19.94,100.00,3.24,4460.30,1.0e-26
Bacteria;Proteobacteria;Gammaproteobacteria;Methylococcales;Methylococcaceae;uncultured;uncultured_bacterium,3361,13,1499,6.34,100.00,6.34,100.00,2.48,3321.73,1.0e-26
Bacteria;Proteobacteria;Gammaproteobacteria;Enterobacterales;Enterobacteriaceae;Klebsiella;Klebsiella_pneumoniae_subsp._pneumoniae_KPNIH27,1424,13,1520,6.38,100.00,6.38,100.00,1.06,1384.46,1.0e-26
Bacteria;Proteobacteria;Gammaproteobacteria;Pseudomonadales;Moraxellaceae;Acinetobacter;uncultured_bacterium,2229,13,1500,16.87,100.00,16.87,100.00,1.51,2189.80,1.0e-26
Bacteria;Proteobacteria;Alphaproteobacteria;Rhodobacterales;Rhodobacteraceae;Paracoccus;uncultured_Paracoccus_sp.,2266,12,1441,8.81,100.00,8.81,100.00,1.57,2228.33,1.0e-26
Bacteria;Proteobacteria;Gammaproteobacteria;Pseudomonadales;Moraxellaceae;Acinetobacter;uncultured_bacterium,7270,11,1363,36.17,100.00,36.17,100.00,5.36,7234.21,1.0e-26
Bacteria;Proteobacteria;Gammaproteobacteria;Pseudomonadales;Pseudomonadaceae;Pseudomonas;uncultured_bacterium,980,13,1482,6.88,100.00,6.88,100.00,0.70,941.64,1.0e-26
Bacteria;Proteobacteria;Gammaproteobacteria;Enterobacterales;Aeromonadaceae;Aeromonas;uncultured_bacterium,34873,13,1498,10.15,100.00,10.15,100.00,24.71,34833.76,1.0e-26
Bacteria;Proteobacteria;Gammaproteobacteria;Pseudomonadales;Moraxellaceae;Acinetobacter;uncultured_bacterium,1609,13,1498,15.82,100.00,15.82,100.00,1.18,1569.97,1.0e-26
Bacteria;Proteobacteria;Gammaproteobacteria;Enterobacterales;Yersiniaceae;Serratia;Serratia_marcescens,50953,13,1522,17.28,100.00,17.28,100.00,33.58,50913.23,1.0e-26
Bacteria;Actinobacteriota;Actinobacteria;Corynebacteriales;Corynebacteriaceae;Corynebacterium;uncultured_bacterium,2508,11,1342,9.99,100.00,9.99,100.00,1.87,2472.88,1.0e-26
Bacteria;Proteobacteria;Alphaproteobacteria;Rhizobiales;Beijerinckiaceae;uncultured;uncultured_bacterium,687,11,1305,18.77,100.00,18.77,100.00,0.57,653.37,1.0e-26
Bacteria;Proteobacteria;Gammaproteobacteria;Pseudomonadales;Pseudomonadaceae;Pseudomonas;uncultured_bacterium,1791,13,1505,16.15,100.00,16.15,100.00,1.33,1751.75,1.0e-26
Bacteria;Proteobacteria;Gammaproteobacteria;Burkholderiales;Rhodocyclaceae;Azoarcus;uncultured_bacterium,844,13,1497,16.50,100.00,16.50,100.00,0.67,805.37,1.0e-26
Bacteria;Proteobacteria;Gammaproteobacteria;Pseudomonadales;Moraxellaceae;Acinetobacter;uncultured_bacterium,1248,13,1499,16.01,100.00,16.01,100.00,0.99,1209.06,1.0e-26
Bacteria;Actinobacteriota;Actinobacteria;Propionibacteriales;Propionibacteriaceae;Cutibacterium;uncultured_bacterium,8301,11,1345,9.89,100.00,9.89,100.00,6.18,8265.67,1.0e-26
Bacteria;Firmicutes;Bacilli;Lactobacillales;Aerococcaceae;Ignavigranum;Aerococcaceae_bacterium_ZY16052,5311,13,1530,6.54,100.00,6.54,100.00,3.69,5270.86,1.0e-26
Bacteria;Proteobacteria;Gammaproteobacteria;Pseudomonadales;Moraxellaceae;Acinetobacter;uncultured_bacterium,2507,10,1227,12.06,100.00,12.06,100.00,2.26,2474.87,1.0e-26
Bacteria;Actinobacteriota;Actinobacteria;Propionibacteriales;Nocardioidaceae;Aeromicrobium;uncultured_bacterium,6326,11,1337,19.37,100.00,19.37,100.00,4.74,6290.89,1.0e-26
Bacteria;Proteobacteria;Gammaproteobacteria;Pseudomonadales;Moraxellaceae;Acinetobacter;uncultured_bacterium,73143,12,1461,24.64,100.00,24.64,100.00,50.54,73104.95,1.0e-26
Bacteria;Proteobacteria;Gammaproteobacteria;Pseudomonadales;Moraxellaceae;Enhydrobacter;uncultured_bacterium,9542,11,1359,11.18,100.00,11.18,100.00,7.04,9506.31,1.0e-26
Bacteria;Proteobacteria;Gammaproteobacteria;Burkholderiales;Nitrosomonadaceae;MND1;uncultured_bacterium,4842,13,1501,6.46,100.00,6.46,100.00,3.23,4802.62,1.0e-26
Bacteria;Proteobacteria;Gammaproteobacteria;Thiotrichales;Thiotrichaceae;uncultured;uncultured_bacterium_JM9_B4,9670,12,1478,6.83,100.00,6.83,100.00,6.56,9631.19,1.0e-26
Bacteria;Proteobacteria;Gammaproteobacteria;Pseudomonadales;Moraxellaceae;Acinetobacter;uncultured_Acinetobacter_sp.,1440,12,1470,22.79,100.00,22.79,100.00,1.02,1401.74,1.0e-26
Bacteria;Desulfobacterota;uncultured;uncultured_bacterium,5695,12,1407,18.27,100.00,18.27,100.00,4.05,5658.07,1.0e-26
Bacteria;Proteobacteria;Gammaproteobacteria;Pseudomonadales;Moraxellaceae;Acinetobacter;uncultured_bacterium,1426,13,1499,16.54,100.00,16.54,100.00,1.00,1387.00,1.0e-26
Bacteria;Proteobacteria;Gammaproteobacteria;Pseudomonadales;Moraxellaceae;Acinetobacter;uncultured_bacterium,3667,12,1391,17.90,100.00,17.90,100.00,2.68,3630.53,1.0e-26
Bacteria;Actinobacteriota;Actinobacteria;Propionibacteriales;Propionibacteriaceae;Cutibacterium;uncultured_bacterium,848,11,1344,7.89,100.00,7.89,100.00,0.63,813.24,1.0e-26
Bacteria;Proteobacteria;Gammaproteobacteria;Pseudomonadales;Moraxellaceae;Acinetobacter;uncultured_bacterium,1165,13,1499,15.68,100.00,15.68,100.00,1.00,1126.10,1.0e-26
Bacteria;Proteobacteria;Gammaproteobacteria;Enterobacterales;Yersiniaceae;Serratia;Serratia_marcescens,2646,13,1522,9.92,100.00,9.92,100.00,1.82,2606.18,1.0e-26
Bacteria;Actinobacteriota;Actinobacteria;Micrococcales;Micrococcaceae;Rothia;uncultured_bacterium,7288,11,1331,9.92,100.00,9.92,100.00,5.49,7253.05,1.0e-26
Bacteria;Proteobacteria;Gammaproteobacteria;Pseudomonadales;Moraxellaceae;Acinetobacter;uncultured_Acinetobacter_sp.,3262,11,1284,11.92,100.00,11.92,100.00,2.55,3228.34,1.0e-26
Bacteria;Proteobacteria;Gammaproteobacteria;Enterobacterales;Enterobacteriaceae;Pseudocitrobacter;uncultured_bacterium,1224,13,1506,16.67,100.00,16.67,100.00,0.83,1184.89,1.0e-26
Bacteria;Proteobacteria;Gammaproteobacteria;Pseudomonadales;Moraxellaceae;Enhydrobacter;uncultured_bacterium,6432,11,1334,7.80,100.00,7.80,100.00,4.83,6396.97,1.0e-26
Bacteria;Actinobacteriota;Actinobacteria;Propionibacteriales;Propionibacteriaceae;Cutibacterium;uncultured_bacterium,1505,11,1343,9.90,100.00,9.90,100.00,1.13,1469.99,1.0e-26
Bacteria;Proteobacteria;Gammaproteobacteria;Xanthomonadales;Xanthomonadaceae;Stenotrophomonas;uncultured_soil_bacterium,1468,13,1511,6.95,100.00,6.95,100.00,0.97,1428.67,1.0e-26
Bacteria;Proteobacteria;Gammaproteobacteria;Enterobacterales;Yersiniaceae;Serratia;uncultured_bacterium,1608,11,1364,7.62,100.00,7.62,100.00,1.22,1572.43,1.0e-26
Bacteria;Proteobacteria;Gammaproteobacteria;Xanthomonadales;Xanthomonadaceae;uncultured;uncultured_bacterium,1616,13,1488,6.79,100.00,6.79,100.00,1.09,1577.22,1.0e-26
Bacteria;Actinobacteriota;Actinobacteria;Propionibacteriales;Propionibacteriaceae;Cutibacterium;uncultured_bacterium,44607,11,1343,46.61,100.00,46.61,100.00,33.28,44571.87,1.0e-26
Bacteria;Actinobacteriota;Actinobacteria;Propionibacteriales;Propionibacteriaceae;Cutibacterium;uncultured_bacterium,9104,11,1343,7.89,100.00,7.89,100.00,6.78,9068.73,1.0e-26
Bacteria;Proteobacteria;Gammaproteobacteria;Pseudomonadales;Moraxellaceae;Acinetobacter;Acinetobacter_johnsonii_XBB1,2939,13,1518,10.08,100.00,10.08,100.00,1.98,2899.26,1.0e-26
Bacteria;Proteobacteria;Gammaproteobacteria;Burkholderiales;Comamonadaceae;Acidovorax;uncultured_bacterium,1760,11,1289,11.79,100.00,11.79,100.00,1.37,1726.34,1.0e-26
Bacteria;Proteobacteria;Gammaproteobacteria;Enterobacterales;Yersiniaceae;Serratia;uncultured_bacterium,725,11,1363,11.01,100.00,11.01,100.00,0.55,689.87,1.0e-26
Bacteria;Actinobacteriota;Actinobacteria;Corynebacteriales;Corynebacteriaceae;Corynebacterium;uncultured_bacterium,1039,11,1343,7.89,100.00,7.89,100.00,0.79,1004.15,1.0e-26
Bacteria;Actinobacteriota;Actinobacteria;Corynebacteriales;Corynebacteriaceae;Corynebacterium;uncultured_bacterium,1222,11,1343,18.62,100.00,18.62,100.00,0.93,1187.07,1.0e-26
Bacteria;Proteobacteria;Gammaproteobacteria;Pseudomonadales;Moraxellaceae;Acinetobacter;Acinetobacter_johnsonii_XBB1,17393,13,1518,18.38,100.00,18.38,100.00,11.60,17353.15,1.0e-26
Bacteria;Proteobacteria;Gammaproteobacteria;Pseudomonadales;Moraxellaceae;Acinetobacter;uncultured_bacterium,18375,13,1498,16.89,100.00,16.89,100.00,12.43,18335.68,1.0e-26
Bacteria;Proteobacteria;Gammaproteobacteria;Pseudomonadales;Moraxellaceae;Enhydrobacter;uncultured_bacterium,2003,11,1356,11.21,100.00,11.21,100.00,1.49,1967.57,1.0e-26
Bacteria;Proteobacteria;Gammaproteobacteria;Enterobacterales;Yersiniaceae;Serratia;uncultured_bacterium,698,11,1365,26.81,100.00,26.81,100.00,0.55,662.85,1.0e-26
Bacteria;Proteobacteria;Gammaproteobacteria;Pseudomonadales;Moraxellaceae;Acinetobacter;uncultured_bacterium,1495,11,1359,20.46,100.00,20.46,100.00,1.11,1459.58,1.0e-26
Bacteria;Proteobacteria;Gammaproteobacteria;Pseudomonadales;Moraxellaceae;Acinetobacter;Acinetobacter_johnsonii_XBB1,90480,13,1518,41.57,100.00,41.57,100.00,59.81,90440.57,1.0e-26
Bacteria;Proteobacteria;Gammaproteobacteria;Enterobacterales;Morganellaceae;Xenorhabdus;Xenorhabdus_mauleonii,4944,12,1480,6.96,100.00,6.96,100.00,3.51,4905.17,1.0e-26
Bacteria;Proteobacteria;Gammaproteobacteria;Enterobacterales;Enterobacteriaceae;Buttiauxella;unidentified_marine_bacterioplankton,3620,12,1387,10.81,100.00,10.81,100.00,2.72,3583.64,1.0e-26
Bacteria;Actinobacteriota;Actinobacteria;Micrococcales;Micrococcaceae;Kocuria;uncultured_bacterium,1232,11,1351,18.65,100.00,18.65,100.00,0.93,1196.86,1.0e-26
Bacteria;Actinobacteriota;Actinobacteria;Corynebacteriales;Corynebacteriaceae;Corynebacterium;uncultured_bacterium,1257,11,1346,7.80,100.00,7.80,100.00,0.93,1221.98,1.0e-26
Bacteria;Actinobacteriota;Actinobacteria;Corynebacteriales;Corynebacteriaceae;Corynebacterium;uncultured_bacterium,994,11,1365,18.39,100.00,18.39,100.00,0.74,958.61,1.0e-26
Bacteria;Proteobacteria;Gammaproteobacteria;Pseudomonadales;Moraxellaceae;Acinetobacter;uncultured_bacterium,1390,13,1499,32.96,100.00,32.96,100.00,1.01,1351.01,1.0e-26
Bacteria;Proteobacteria;Gammaproteobacteria;Pseudomonadales;Moraxellaceae;Acinetobacter;metagenome,823,13,1518,6.85,100.00,6.85,100.00,0.55,783.86,1.0e-26
Bacteria;Proteobacteria;Gammaproteobacteria;Pseudomonadales;Moraxellaceae;Acinetobacter;uncultured_gamma_proteobacterium,803,13,1498,9.75,100.00,9.75,100.00,0.58,764.38,1.0e-26
Bacteria;Fusobacteriota;Fusobacteriia;Fusobacteriales;Leptotrichiaceae;Leptotrichia;uncultured_bacterium,3517,11,1351,9.62,100.00,9.62,100.00,2.61,3481.58,1.0e-26
Bacteria;Proteobacteria;Gammaproteobacteria;Pseudomonadales;Moraxellaceae;Acinetobacter;uncultured_bacterium,4080,13,1502,39.01,100.00,39.01,100.00,2.90,4040.62,1.0e-26
Bacteria;Firmicutes;Bacilli;Staphylococcales;Staphylococcaceae;Staphylococcus;Staphylococcus_epidermidis,4636,11,1320,7.65,100.00,7.65,100.00,3.52,4601.36,1.0e-26
Bacteria;Myxococcota;Polyangia;Polyangiales;Polyangiaceae;Pajaroellobacter;metagenome,832,11,1281,8.20,100.00,8.20,100.00,0.65,798.85,1.0e-26
Bacteria;Proteobacteria;Gammaproteobacteria;pItb-vmat-80;uncultured_bacterium,1722,13,1498,6.61,100.00,6.61,100.00,1.39,1682.94,1.0e-26
Bacteria;Proteobacteria;Gammaproteobacteria;Burkholderiales;Burkholderiaceae;Limnobacter;uncultured_bacterium,1629,13,1484,6.94,100.00,6.94,100.00,1.11,1590.32,1.0e-26
Bacteria;Actinobacteriota;Actinobacteria;Propionibacteriales;Propionibacteriaceae;Cutibacterium;uncultured_bacterium,4438,11,1350,17.48,100.00,17.48,100.00,3.30,4402.58,1.0e-26
Bacteria;Proteobacteria;Gammaproteobacteria;Enterobacterales;Yersiniaceae;Serratia;Serratia_marcescens,27086,13,1522,16.69,100.00,16.69,100.00,17.87,27046.09,1.0e-26
Bacteria;Proteobacteria;Gammaproteobacteria;Pseudomonadales;Moraxellaceae;Acinetobacter;Acinetobacter_johnsonii,148219,11,1390,18.56,100.00,18.56,100.00,107.11,148183.21,1.0e-26
Bacteria;Proteobacteria;Gammaproteobacteria;Pseudomonadales;Moraxellaceae;Acinetobacter;uncultured_bacterium,4535,12,1439,10.28,100.00,10.28,100.00,3.49,4497.25,1.0e-26
Bacteria;Proteobacteria;Gammaproteobacteria;Pseudomonadales;Moraxellaceae;Acinetobacter;metagenome,50993,13,1518,32.67,100.00,32.67,100.00,36.76,50953.33,1.0e-26
Bacteria;Proteobacteria;Gammaproteobacteria;Pseudomonadales;Moraxellaceae;Acinetobacter;Acinetobacter_johnsonii_CIP_64.6,68187,13,1518,17.39,100.00,17.39,100.00,45.20,68147.43,1.0e-26
Bacteria;Proteobacteria;Gammaproteobacteria;Pseudomonadales;Moraxellaceae;Acinetobacter;uncultured_bacterium,962,11,1258,31.80,100.00,31.80,100.00,0.80,929.36,1.0e-26
Bacteria;Proteobacteria;Gammaproteobacteria;Pseudomonadales;Moraxellaceae;Acinetobacter;metagenome,1113,13,1518,31.88,100.00,31.88,100.00,0.83,1073.64,1.0e-26
Bacteria;Proteobacteria;Gammaproteobacteria;Enterobacterales;Yersiniaceae;Serratia;Serratia_marcescens,923,13,1522,9.99,100.00,9.99,100.00,0.65,883.67,1.0e-26
Bacteria;Firmicutes;Clostridia;Peptostreptococcales-Tissierellales;Peptostreptococcaceae;Peptostreptococcus;uncultured_bacterium,4267,11,1287,9.87,100.00,9.87,100.00,3.32,4233.23,1.0e-26
Bacteria;Proteobacteria;Gammaproteobacteria;Pseudomonadales;Moraxellaceae;Acinetobacter;Acinetobacter_sp._CIP_102143,970,13,1517,10.02,100.00,10.02,100.00,0.66,930.76,1.0e-26
Bacteria;Proteobacteria;Gammaproteobacteria;Pseudomonadales;Pseudomonadaceae;Pseudomonas;uncultured_gamma_proteobacterium,8953,13,1507,6.50,100.00,6.50,100.00,5.98,8913.43,1.0e-26
Bacteria;Proteobacteria;Gammaproteobacteria;Burkholderiales;Comamonadaceae;Aquabacterium;uncultured_bacterium,8080,13,1483,6.88,100.00,6.88,100.00,5.45,8041.06,1.0e-26
